<annotation>
	<folder>d2l</folder>
	<filename>20190829_155316.jpg</filename>
	<path>/d2l/20190829_155316.jpg</path>
	<source>
		<database>Unspecified</database>
	</source>
	<size>
		<width>3024</width>
		<height>4032</height>
		<depth>3</depth>
	</size>
	<object>
		<name>d2l</name>
		<pose>Unspecified</pose>
		<truncated>Unspecified</truncated>
		<difficult>Unspecified</difficult>
		<bndbox>
			<xmin>483</xmin>
			<ymin>1706</ymin>
			<xmax>1489</xmax>
			<ymax>2104</ymax>
		</bndbox>
	</object>
	<object>
		<name>d2l</name>
		<pose>Unspecified</pose>
		<truncated>Unspecified</truncated>
		<difficult>Unspecified</difficult>
		<bndbox>
			<xmin>450</xmin>
			<ymin>2248</ymin>
			<xmax>1470</xmax>
			<ymax>2620</ymax>
		</bndbox>
	</object>
	<object>
		<name>d2l</name>
		<pose>Unspecified</pose>
		<truncated>Unspecified</truncated>
		<difficult>Unspecified</difficult>
		<bndbox>
			<xmin>476</xmin>
			<ymin>2823</ymin>
			<xmax>1476</xmax>
			<ymax>3182</ymax>
		</bndbox>
	</object>
</annotation>