<annotation>
	<folder>d2l</folder>
	<filename>20190829_155122.jpg</filename>
	<path>/d2l/20190829_155122.jpg</path>
	<source>
		<database>Unspecified</database>
	</source>
	<size>
		<width>4032</width>
		<height>3024</height>
		<depth>3</depth>
	</size>
	<object>
		<name>d2l</name>
		<pose>Unspecified</pose>
		<truncated>Unspecified</truncated>
		<difficult>Unspecified</difficult>
		<bndbox>
			<xmin>1813</xmin>
			<ymin>853</ymin>
			<xmax>2366</xmax>
			<ymax>1088</ymax>
		</bndbox>
	</object>
	<object>
		<name>d2l</name>
		<pose>Unspecified</pose>
		<truncated>Unspecified</truncated>
		<difficult>Unspecified</difficult>
		<bndbox>
			<xmin>3013</xmin>
			<ymin>1304</ymin>
			<xmax>3543</xmax>
			<ymax>1696</ymax>
		</bndbox>
	</object>
	<object>
		<name>d2l</name>
		<pose>Unspecified</pose>
		<truncated>Unspecified</truncated>
		<difficult>Unspecified</difficult>
		<bndbox>
			<xmin>1700</xmin>
			<ymin>1730</ymin>
			<xmax>2264</xmax>
			<ymax>2083</ymax>
		</bndbox>
	</object>
</annotation>