<annotation>
	<folder>d2l</folder>
	<filename>20190829_155117.jpg</filename>
	<path>/d2l/20190829_155117.jpg</path>
	<source>
		<database>Unspecified</database>
	</source>
	<size>
		<width>4032</width>
		<height>3024</height>
		<depth>3</depth>
	</size>
	<object>
		<name>d2l</name>
		<pose>Unspecified</pose>
		<truncated>Unspecified</truncated>
		<difficult>Unspecified</difficult>
		<bndbox>
			<xmin>1278</xmin>
			<ymin>804</ymin>
			<xmax>1950</xmax>
			<ymax>1098</ymax>
		</bndbox>
	</object>
	<object>
		<name>d2l</name>
		<pose>Unspecified</pose>
		<truncated>Unspecified</truncated>
		<difficult>Unspecified</difficult>
		<bndbox>
			<xmin>1156</xmin>
			<ymin>1882</ymin>
			<xmax>1852</xmax>
			<ymax>2279</ymax>
		</bndbox>
	</object>
	<object>
		<name>d2l</name>
		<pose>Unspecified</pose>
		<truncated>Unspecified</truncated>
		<difficult>Unspecified</difficult>
		<bndbox>
			<xmin>2695</xmin>
			<ymin>1318</ymin>
			<xmax>3337</xmax>
			<ymax>1784</ymax>
		</bndbox>
	</object>
</annotation>