<annotation>
	<folder>d2l</folder>
	<filename>20190829_154311.jpg</filename>
	<path>/d2l/20190829_154311.jpg</path>
	<source>
		<database>Unspecified</database>
	</source>
	<size>
		<width>4032</width>
		<height>3024</height>
		<depth>3</depth>
	</size>
	<object>
		<name>book</name>
		<pose>Unspecified</pose>
		<truncated>Unspecified</truncated>
		<difficult>Unspecified</difficult>
		<bndbox>
			<xmin>1394</xmin>
			<ymin>1360</ymin>
			<xmax>2172</xmax>
			<ymax>2361</ymax>
		</bndbox>
	</object>
</annotation>