<annotation>
	<folder>d2l</folder>
	<filename>20190829_153510.jpg</filename>
	<path>/d2l/20190829_153510.jpg</path>
	<source>
		<database>Unspecified</database>
	</source>
	<size>
		<width>3024</width>
		<height>4032</height>
		<depth>3</depth>
	</size>
	<object>
		<name>book</name>
		<pose>Unspecified</pose>
		<truncated>Unspecified</truncated>
		<difficult>Unspecified</difficult>
		<bndbox>
			<xmin>395</xmin>
			<ymin>337</ymin>
			<xmax>2974</xmax>
			<ymax>2907</ymax>
		</bndbox>
	</object>
</annotation>