<annotation>
	<folder>d2l</folder>
	<filename>20190829_154409.jpg</filename>
	<path>/d2l/20190829_154409.jpg</path>
	<source>
		<database>Unspecified</database>
	</source>
	<size>
		<width>4032</width>
		<height>3024</height>
		<depth>3</depth>
	</size>
	<object>
		<name>d2l</name>
		<pose>Unspecified</pose>
		<truncated>Unspecified</truncated>
		<difficult>Unspecified</difficult>
		<bndbox>
			<xmin>1916</xmin>
			<ymin>421</ymin>
			<xmax>2489</xmax>
			<ymax>1083</ymax>
		</bndbox>
	</object>
	<object>
		<name>d2l</name>
		<pose>Unspecified</pose>
		<truncated>Unspecified</truncated>
		<difficult>Unspecified</difficult>
		<bndbox>
			<xmin>2362</xmin>
			<ymin>1049</ymin>
			<xmax>2930</xmax>
			<ymax>1706</ymax>
		</bndbox>
	</object>
	<object>
		<name>d2l</name>
		<pose>Unspecified</pose>
		<truncated>Unspecified</truncated>
		<difficult>Unspecified</difficult>
		<bndbox>
			<xmin>2783</xmin>
			<ymin>1529</ymin>
			<xmax>3381</xmax>
			<ymax>1965</ymax>
		</bndbox>
	</object>
	<object>
		<name>d2l</name>
		<pose>Unspecified</pose>
		<truncated>Unspecified</truncated>
		<difficult>Unspecified</difficult>
		<bndbox>
			<xmin>3254</xmin>
			<ymin>1147</ymin>
			<xmax>3837</xmax>
			<ymax>1622</ymax>
		</bndbox>
	</object>
	<object>
		<name>d2l</name>
		<pose>Unspecified</pose>
		<truncated>Unspecified</truncated>
		<difficult>Unspecified</difficult>
		<bndbox>
			<xmin>3508</xmin>
			<ymin>10</ymin>
			<xmax>4032</xmax>
			<ymax>123</ymax>
		</bndbox>
	</object>
</annotation>