<annotation>
	<folder>d2l</folder>
	<filename>20190829_153825.jpg</filename>
	<path>/d2l/20190829_153825.jpg</path>
	<source>
		<database>Unspecified</database>
	</source>
	<size>
		<width>4032</width>
		<height>3024</height>
		<depth>3</depth>
	</size>
	<object>
		<name>d2l</name>
		<pose>Unspecified</pose>
		<truncated>Unspecified</truncated>
		<difficult>Unspecified</difficult>
		<bndbox>
			<xmin>2901</xmin>
			<ymin>583</ymin>
			<xmax>3494</xmax>
			<ymax>760</ymax>
		</bndbox>
	</object>
</annotation>