<annotation>
	<folder>d2l</folder>
	<filename>20190829_155011.jpg</filename>
	<path>/d2l/20190829_155011.jpg</path>
	<source>
		<database>Unspecified</database>
	</source>
	<size>
		<width>3024</width>
		<height>4032</height>
		<depth>3</depth>
	</size>
	<object>
		<name>phone</name>
		<pose>Unspecified</pose>
		<truncated>Unspecified</truncated>
		<difficult>Unspecified</difficult>
		<bndbox>
			<xmin>1028</xmin>
			<ymin>624</ymin>
			<xmax>2136</xmax>
			<ymax>2808</ymax>
		</bndbox>
	</object>
</annotation>