<annotation>
	<folder>d2l</folder>
	<filename>20190829_153604.jpg</filename>
	<path>/d2l/20190829_153604.jpg</path>
	<source>
		<database>Unspecified</database>
	</source>
	<size>
		<width>3024</width>
		<height>4032</height>
		<depth>3</depth>
	</size>
	<object>
		<name>d2l</name>
		<pose>Unspecified</pose>
		<truncated>Unspecified</truncated>
		<difficult>Unspecified</difficult>
		<bndbox>
			<xmin>221</xmin>
			<ymin>1444</ymin>
			<xmax>1051</xmax>
			<ymax>1797</ymax>
		</bndbox>
	</object>
	<object>
		<name>d2l</name>
		<pose>Unspecified</pose>
		<truncated>Unspecified</truncated>
		<difficult>Unspecified</difficult>
		<bndbox>
			<xmin>1391</xmin>
			<ymin>778</ymin>
			<xmax>1862</xmax>
			<ymax>1503</ymax>
		</bndbox>
	</object>
	<object>
		<name>d2l</name>
		<pose>Unspecified</pose>
		<truncated>Unspecified</truncated>
		<difficult>Unspecified</difficult>
		<bndbox>
			<xmin>1966</xmin>
			<ymin>1549</ymin>
			<xmax>2809</xmax>
			<ymax>2137</ymax>
		</bndbox>
	</object>
	<object>
		<name>d2l</name>
		<pose>Unspecified</pose>
		<truncated>Unspecified</truncated>
		<difficult>Unspecified</difficult>
		<bndbox>
			<xmin>986</xmin>
			<ymin>2483</ymin>
			<xmax>1822</xmax>
			<ymax>3333</ymax>
		</bndbox>
	</object>
</annotation>