<annotation>
	<folder>d2l</folder>
	<filename>20190829_154351.jpg</filename>
	<path>/d2l/20190829_154351.jpg</path>
	<source>
		<database>Unspecified</database>
	</source>
	<size>
		<width>4032</width>
		<height>3024</height>
		<depth>3</depth>
	</size>
	<object>
		<name>book</name>
		<pose>Unspecified</pose>
		<truncated>Unspecified</truncated>
		<difficult>Unspecified</difficult>
		<bndbox>
			<xmin>1306</xmin>
			<ymin>41</ymin>
			<xmax>3565</xmax>
			<ymax>2726</ymax>
		</bndbox>
	</object>
	<object>
		<name>d2l</name>
		<pose>Unspecified</pose>
		<truncated>Unspecified</truncated>
		<difficult>Unspecified</difficult>
		<bndbox>
			<xmin>2523</xmin>
			<ymin>1935</ymin>
			<xmax>3389</xmax>
			<ymax>2280</ymax>
		</bndbox>
	</object>
</annotation>